rk,group,procescode,omschrijving,fabricaat,type,aantal,AI,AO,DI,DO,SOFT,voltage,power_kw,current_a,va,bus_protocol,bus_naam,derden_flag,locatie,regelkast_spec,opmerking,source_ref,DI_bedrijf,DI_storing,DI_status,mr_flag
,Algemeen,,Buitentemperatuuropnemer,,,1,2.0,0,0,0,0,24,,,,,,,,,,IO.xlsx:RK1:r23,,,,
,Algemeen,,Verzamel storingsmelding urgent (front deur),,,1,0,0,0,1.0,0,,,,,,,,,,,IO.xlsx:RK1:r24,,,,
,Algemeen,,Verzamel storingsmelding niet-urgent (front deur),,,1,0,0,0,1.0,0,,,,,,,,,,,IO.xlsx:RK1:r25,,,,
,Algemeen,,Reset storingsmelding (drukknop op front),,,1,0,0,0,1.0,0,,,,,,,,,,,IO.xlsx:RK1:r26,,,,
,Algemeen,,Brandmelding Brandmeldcentrale (levering E-installateur),,,1,0,0,0,1.0,0,,,,,,,,,,,IO.xlsx:RK1:r27,,,,
,Algemeen,,Signalering Brandsituatie (front deur),,,1,0,0,0,1.0,0,,,,,,,,,,,IO.xlsx:RK1:r28,,,,
,Algemeen,,Brandschakelaar toevoer (brandpaneel levering E-installateur),,,1,0,0,0,2.0,0,,,,,,,,,,,IO.xlsx:RK1:r29,,,,
,Algemeen,,Brandschakelaar afvoer (brandpaneel levering E-installateur),,,1,0,0,0,2.0,0,,,,,,,,,,,IO.xlsx:RK1:r30,,,,
,Algemeen,,Signalering brandklep (verzameld),,,1,0,0,0,1.0,0,,,,,,,,,,,IO.xlsx:RK1:r31,,,,
,Warmtepomp 1,,Warmtepomp,,,1,0,1.0,1.0,1.0,15,,,,,Modbus-RTU,,,,,"VW=5 OW=10 | P[kW]='Hopp-E' (niet-numeriek, niet overgenomen) | Vrijgave | Storing | Vermogen sturing",IO.xlsx:RK1:r34,,,,
,Warmtepomp 1,,Tracing,,,1,0,0,1.0,1.0,0,230,1.5,,,,,,,,Vrijgave | Storing,IO.xlsx:RK1:r38,,,,
,Warmtepomp 1,,3-weg afsluiter,,VXF22.80-100 - DN80,1,0,1.0,0,0,0,,,,,,,,,,,IO.xlsx:RK1:r40,,,,
,Warmtepomp 1,,Aanvoer temperatuur,Siemens,QAE2120.010,1,1.0,0,0,0,0,,,,,,,,,,,IO.xlsx:RK1:r41,,,,
,Warmtepomp 1,,Retour temperatuur,Siemens,QAE2120.010,1,1.0,0,0,0,0,,,,,,,,,,,IO.xlsx:RK1:r42,,,,
,Warmtepomp 1,,Energiemeter,,,1,0,0,0,0,4,230,,6,,Bacnet MS/TP,,,,,VW=0 OW=4,IO.xlsx:RK1:r43,,,,
,Warmtepomp 2,,Warmtepomp,,,1,0,1.0,1.0,1.0,15,,,,,Modbus-RTU,,,,,"VW=5 OW=10 | P[kW]='Hopp-E' (niet-numeriek, niet overgenomen) | Vrijgave | Storing | Vermogen sturing",IO.xlsx:RK1:r46,,,,
,Warmtepomp 2,,3-weg afsluiter,,VXF22.80-100 - DN80,1,0,1.0,0,0,0,,,,,,,,,,,IO.xlsx:RK1:r50,,,,
,Warmtepomp 2,,Aanvoer temperatuur,Siemens,QAE2120.010,1,1.0,0,0,0,0,,,,,,,,,,,IO.xlsx:RK1:r51,,,,
,Warmtepomp 2,,Retour temperatuur,Siemens,QAE2120.010,1,1.0,0,0,0,0,,,,,,,,,,,IO.xlsx:RK1:r52,,,,
,Warmtepomp 2,,Energiemeter,,,1,0,0,0,0,4,230,,6,,Bacnet MS/TP,,,,,VW=0 OW=4,IO.xlsx:RK1:r53,,,,
,Warmtepomp 3,,Warmtepomp,,,1,0,1.0,1.0,1.0,15,,,,,Modbus-RTU,,,,,"VW=5 OW=10 | P[kW]='Hopp-E' (niet-numeriek, niet overgenomen) | Vrijgave | Storing | Vermogen sturing",IO.xlsx:RK1:r56,,,,
,Warmtepomp 3,,3-weg afsluiter,,VXF22.80-100 - DN80,1,0,1.0,0,0,0,,,,,,,,,,,IO.xlsx:RK1:r60,,,,
,Warmtepomp 3,,Aanvoer temperatuur,Siemens,QAE2120.010,1,1.0,0,0,0,0,,,,,,,,,,,IO.xlsx:RK1:r61,,,,
,Warmtepomp 3,,Retour temperatuur,Siemens,QAE2120.010,1,1.0,0,0,0,0,,,,,,,,,,,IO.xlsx:RK1:r62,,,,
,Warmtepomp 3,,Energiemeter,,,1,0,0,0,0,4,230,,6,,Bacnet MS/TP,,,,,VW=0 OW=4,IO.xlsx:RK1:r63,,,,
,Warmtepomp 4,,Warmtepomp,,,1,0,1.0,1.0,1.0,15,,,,,Modbus-RTU,,,,,"VW=5 OW=10 | P[kW]='Hopp-E' (niet-numeriek, niet overgenomen) | Vrijgave | Storing | Vermogen sturing",IO.xlsx:RK1:r66,,,,
,Warmtepomp 4,,3-weg afsluiter,,VXF22.80-100 - DN80,1,0,1.0,0,0,0,,,,,,,,,,,IO.xlsx:RK1:r70,,,,
,Warmtepomp 4,,Aanvoer temperatuur,Siemens,QAE2120.010,1,1.0,0,0,0,0,,,,,,,,,,,IO.xlsx:RK1:r71,,,,
,Warmtepomp 4,,Retour temperatuur,Siemens,QAE2120.010,1,1.0,0,0,0,0,,,,,,,,,,,IO.xlsx:RK1:r72,,,,
,Warmtepomp 4,,Energiemeter,,,1,0,0,0,0,4,230,,6,,Bacnet MS/TP,,,,,VW=0 OW=4,IO.xlsx:RK1:r73,,,,
,Warmtepomp change-over,,Regelafsluiter aanvoer CV,Siemens,SAL81.03T10/F05 - DN80,1,0,0,0,3.0,0,,,,,,,,,,,IO.xlsx:RK1:r76,,,,
,Warmtepomp change-over,,Regelafsluiter retour CV,Siemens,SAL81.03T10/F05 - DN80,1,0,0,0,3.0,0,,,,,,,,,,,IO.xlsx:RK1:r77,,,,
,Warmtepomp change-over,,Regelafsluiter aanvoer GKW,Siemens,SAL81.03T10/F05 - DN80,1,0,0,0,3.0,0,,,,,,,,,,,IO.xlsx:RK1:r78,,,,
,Warmtepomp change-over,,Regelafsluiter retour GKW,Siemens,SAL81.03T10/F05 - DN80,1,0,0,0,3.0,0,,,,,,,,,,,IO.xlsx:RK1:r79,,,,
,Warmte distributie,,Aanvoer temperatuur,Siemens,QAE2120.010,1,1.0,0,0,0,0,,,,,,,,,,,IO.xlsx:RK1:r82,,,,
,Warmte distributie,,Retour temperatuur,Siemens,QAE2120.010,1,1.0,0,0,0,0,,,,,,,,,,,IO.xlsx:RK1:r83,,,,
,Warmte distributie,,Buffertemperatuur laag,Vedotec,TF65 NI1000TK 400mm,1,1.0,0,0,0,0,,,,,,,,,,,IO.xlsx:RK1:r84,,,,
,Warmte distributie,,Buffertemperatuur hoog,Vedotec,TF65 NI1000TK 400mm,1,1.0,0,0,0,0,,,,,,,,,,,IO.xlsx:RK1:r85,,,,
,Warmte distributie,,Circulatiepomp,Grundfos,Magna3 XX-XX,1,0,0,1.0,2.0,0,230,0.5,,,,,,,,Vrijgave | Storing | Sturing,IO.xlsx:RK1:r86,,,,
,Warmte distributie,,Aanvoer temperatuur,Siemens,QAE2120.010,1,1.0,0,0,0,0,,,,,,,,,,,IO.xlsx:RK1:r89,,,,
,Warmte distributie,,Retour temperatuur,Siemens,QAE2120.010,1,1.0,0,0,0,0,,,,,,,,,,,IO.xlsx:RK1:r90,,,,
,Warmte distributie,,Systeemdrukopnemer,Siemens,QBE2003-P6,1,1.0,0,0,0,0,,,,,,,,,,,IO.xlsx:RK1:r91,,,,
,Warmte distributie,,Ontgasser,,,1,0,0,1.0,0,0,,,,,,,,,,,IO.xlsx:RK1:r92,,,,
,Koude distributie,,Aanvoer temperatuur,Siemens,QAE2120.010,1,1.0,0,0,0,0,,,,,,,,,,,IO.xlsx:RK1:r95,,,,
,Koude distributie,,Retour temperatuur,Siemens,QAE2120.010,1,1.0,0,0,0,0,,,,,,,,,,,IO.xlsx:RK1:r96,,,,
,Koude distributie,,Buffertemperatuur laag,Vedotec,TF65 NI1000TK 400mm,1,1.0,0,0,0,0,,,,,,,,,,,IO.xlsx:RK1:r97,,,,
,Koude distributie,,Buffertemperatuur hoog,Vedotec,TF65 NI1000TK 400mm,1,1.0,0,0,0,0,,,,,,,,,,,IO.xlsx:RK1:r98,,,,
,Koude distributie,,Circulatiepomp,Grundfos,Magna3 XX-XX,1,0,0,1.0,2.0,0,230,0.5,,,,,,,,Vrijgave | Storing | Sturing,IO.xlsx:RK1:r99,,,,
,Koude distributie,,Aanvoer temperatuur,Siemens,QAE2120.010,1,1.0,0,0,0,0,,,,,,,,,,,IO.xlsx:RK1:r102,,,,
,Koude distributie,,Retour temperatuur,Siemens,QAE2120.010,1,1.0,0,0,0,0,,,,,,,,,,,IO.xlsx:RK1:r103,,,,
,Koude distributie,,Systeemdrukopnemer,Siemens,QBE2003-P6,1,1.0,0,0,0,0,,,,,,,,,,,IO.xlsx:RK1:r104,,,,
,Koude distributie,,Ontgasser,,,1,0,0,1.0,0,0,,,,,,,,,,,IO.xlsx:RK1:r105,,,,
,Change-over groep naverwarmers,,Vlinderklep aanvoer CV,,SAL81.03T10/F05 - DN80,1,0,0,0,3.0,0,,,,,,,,,,,IO.xlsx:RK1:r108,,,,
,Change-over groep naverwarmers,,Vlinderklep retour CV,,SAL81.03T10/F05 - DN80,1,0,0,0,3.0,0,,,,,,,,,,,IO.xlsx:RK1:r109,,,,
,Change-over groep naverwarmers,,Vlinderklep aanvoer GKW,,SAL81.03T10/F05 - DN80,1,0,0,0,3.0,0,,,,,,,,,,,IO.xlsx:RK1:r110,,,,
,Change-over groep naverwarmers,,Vlinderklep retour GKW,,SAL81.03T10/F05 - DN80,1,0,0,0,3.0,0,,,,,,,,,,,IO.xlsx:RK1:r111,,,,
,Change-over groep naverwarmers,,Aanvoer temperatuur,Siemens,,1,1.0,0,0,0,0,,,,,,,,,,,IO.xlsx:RK1:r112,,,,
,Change-over groep naverwarmers,,Retour temperatuur,Siemens,,1,1.0,0,0,0,0,,,,,,,,,,,IO.xlsx:RK1:r113,,,,
,CV / GKW-groep naverwarming/-koeling bouwdeel B+D,,Circulatiepomp,Grundfos,Magna3 XX-XX,1,0,0,1.0,1.0,0,230,0.5,,,,,,,,Vrijgave | Storing,IO.xlsx:RK1:r116,,,,
,CV / GKW-groep naverwarming/-koeling bouwdeel B+D,,Regelafsluiter,Siemens,VVF22.50-40 - DN50,1,0,1.0,0,0,0,,,,,,,,,,,IO.xlsx:RK1:r118,,,,
,CV / GKW-groep naverwarming/-koeling bouwdeel B+D,,Aanvoer temperatuur,Siemens,QAE2120.010,1,1.0,0,0,0,0,,,,,,,,,,,IO.xlsx:RK1:r119,,,,
,CV / GKW-groep naverwarming/-koeling bouwdeel B+D,,Retour temperatuur,Siemens,QAE2120.010,1,1.0,0,0,0,0,,,,,,,,,,,IO.xlsx:RK1:r120,,,,
,CV / GKW-groep naverwarming/-koeling bouwdeel P+G,,Circulatiepomp,Grundfos,Magna3 XX-XX,1,0,0,1.0,1.0,0,230,0.5,,,,,,,,Vrijgave | Storing,IO.xlsx:RK1:r123,,,,
,CV / GKW-groep naverwarming/-koeling bouwdeel P+G,,Regelafsluiter,Siemens,VVF22.50-40 - DN50,1,0,1.0,0,0,0,,,,,,,,,,,IO.xlsx:RK1:r125,,,,
,CV / GKW-groep naverwarming/-koeling bouwdeel P+G,,Aanvoer temperatuur,Siemens,QAE2120.010,1,1.0,0,0,0,0,,,,,,,,,,,IO.xlsx:RK1:r126,,,,
,CV / GKW-groep naverwarming/-koeling bouwdeel P+G,,Retour temperatuur,Siemens,QAE2120.010,1,1.0,0,0,0,0,,,,,,,,,,,IO.xlsx:RK1:r127,,,,
,CV / GKW-groep naverwarming/-koeling bouwdeel S,,Circulatiepomp,Grundfos,Magna3 XX-XX,1,0,0,1.0,1.0,0,230,0.5,,,,,,,,Vrijgave | Storing,IO.xlsx:RK1:r130,,,,
,CV / GKW-groep naverwarming/-koeling bouwdeel S,,Regelafsluiter,Siemens,VVF22.50-40 - DN50,1,0,1.0,0,0,0,,,,,,,,,,,IO.xlsx:RK1:r132,,,,
,CV / GKW-groep naverwarming/-koeling bouwdeel S,,Aanvoer temperatuur,Siemens,QAE2120.010,1,1.0,0,0,0,0,,,,,,,,,,,IO.xlsx:RK1:r133,,,,
,CV / GKW-groep naverwarming/-koeling bouwdeel S,,Retour temperatuur,Siemens,QAE2120.010,1,1.0,0,0,0,0,,,,,,,,,,,IO.xlsx:RK1:r134,,,,
,LBK bouwdeel B+D,,3-weg omschakelklep,Siemens,DN80,1,0,0,1.0,1.0,0,,,,,,,,,,,IO.xlsx:RK1:r137,,,,
,LBK bouwdeel B+D,,3-weg omschakelklep,Siemens,DN80,1,0,0,1.0,1.0,0,,,,,,,,,,,IO.xlsx:RK1:r138,,,,
,LBK bouwdeel B+D,,3-weg  klep,Siemens,KVS: 50,1,1.0,0,0,0,0,,,,,,,,,,,IO.xlsx:RK1:r139,,,,
,LBK bouwdeel B+D,,Circulatiepomp,Grundfos,Magna3 XX-XX,1,0,0,1.0,1.0,0,230,2.2,,,,,,,,Vrijgave | Storing,IO.xlsx:RK1:r140,,,,
,LBK bouwdeel B+D,,Aanvoer temperatuur,Siemens,QAE3174D.010,1,1.0,0,0,0,0,,,,,,,,,,,IO.xlsx:RK1:r142,,,,
,LBK bouwdeel B+D,,Retour temperatuur,Siemens,QAE3174D.010,1,1.0,0,0,0,0,,,,,,,,,,,IO.xlsx:RK1:r143,,,,
,GKW Inductie units,,3-weg  klep,Siemens,KVS: 10,1,1.0,0,0,0,0,,,,,,,,,,,IO.xlsx:RK1:r146,,,,
,GKW Inductie units,,Circulatiepomp,Grundfos,Magna3 XX-XX,1,0,0,1.0,1.0,0,230,0.5,,,,,,,,Vrijgave | Storing,IO.xlsx:RK1:r147,,,,
,GKW Inductie units,,Aanvoer temperatuur,Siemens,QAE3174D.010,1,1.0,0,0,0,0,,,,,,,,,,,IO.xlsx:RK1:r149,,,,
,GKW Inductie units,,Retour temperatuur,Siemens,QAE3174D.010,1,1.0,0,0,0,0,,,,,,,,,,,IO.xlsx:RK1:r150,,,,
,GKW LBK kantoor,,3-weg  klep,Siemens,"KVS: 6,3",1,1.0,0,0,0,0,,,,,,,,,,,IO.xlsx:RK1:r153,,,,
,GKW LBK kantoor,,Circulatiepomp,Grundfos,Magna3 XX-XX,1,0,0,1.0,1.0,0,230,0.5,,,,,,,,Vrijgave | Storing,IO.xlsx:RK1:r154,,,,
,GKW LBK kantoor,,Aanvoer temperatuur,Siemens,QAE3174D.010,1,1.0,0,0,0,0,,,,,,,,,,,IO.xlsx:RK1:r156,,,,
,GKW LBK kantoor,,Retour temperatuur,Siemens,QAE3174D.010,1,1.0,0,0,0,0,,,,,,,,,,,IO.xlsx:RK1:r157,,,,
,LBK bouwdeel B+D,,Buitenluchtaanzuigklep,,GCA126.1E,1,0,0,1.0,2.0,0,,,,,,,,,,,IO.xlsx:RK1:r160,,,,
,LBK bouwdeel B+D,,Filterbewaking,Siemens,QBM2030-5,1,1.0,0,0,0,0,,,,,,,,,,,IO.xlsx:RK1:r161,,,,
,LBK bouwdeel B+D,,Temperatuur na WTW,Siemens,QAM2120.040,1,1.0,0,0,0,0,,,,,,,,,,,IO.xlsx:RK1:r162,,,,
,LBK bouwdeel B+D,,Luchtklepservomotor bypass,Siemens,GBB161.1E,1,0,1.0,0,0,0,,,,,,,,,,,IO.xlsx:RK1:r163,,,,
,LBK bouwdeel B+D,,Circulatiepomp,Grundfos,Magna3 XX-XX,1,0,0,1.0,1.0,0,230,0.5,,,,,,,,Vrijgave | Storing,IO.xlsx:RK1:r164,,,,
,LBK bouwdeel B+D,,Regelafsluiter voorverwarmer,Siemens,SAX61.03,1,0,1.0,0,0,0,,,,,,,,,,,IO.xlsx:RK1:r166,,,,
,LBK bouwdeel B+D,,Vorstthermostaat,Siemens,QAF81.6,1,0,0,1.0,0,0,,,,,,,,,,,IO.xlsx:RK1:r167,,,,
,LBK bouwdeel B+D,,Aanvoer temperatuur voorverwarmer,Siemens,QAE3174D.010,1,1.0,0,0,0,0,,,,,,,,,,,IO.xlsx:RK1:r168,,,,
,LBK bouwdeel B+D,,Retour temperatuur voorverwarmer,Siemens,QAE3174D.010,1,1.0,0,0,0,0,,,,,,,,,,,IO.xlsx:RK1:r169,,,,
,LBK bouwdeel B+D,,Toevoerventilator,,,1,0,1.0,1.0,1.0,0,400,5.5,,,,,,,,Vrijgave | Storing | Sturing,IO.xlsx:RK1:r170,,,,
,LBK bouwdeel B+D,,Drukopnemer toevoerkanaal,Siemens,QBM2030-5,1,1.0,0,0,0,0,,,,,,,,,,,IO.xlsx:RK1:r173,,,,
,LBK bouwdeel B+D,,Kanaaltemperatuur inblaas,Siemens,QAM2120.040,1,1.0,0,0,0,0,,,,,,,,,,,IO.xlsx:RK1:r174,,,,
,LBK bouwdeel B+D,,Kanaaltemperatuur retour,Siemens,QAM2120.040,1,1.0,0,0,0,0,,,,,,,,,,,IO.xlsx:RK1:r175,,,,
,LBK bouwdeel B+D,,Drukopnemer retourkanaal,Siemens,QBM2030-5,1,1.0,0,0,0,0,,,,,,,,,,,IO.xlsx:RK1:r176,,,,
,LBK bouwdeel B+D,,Retourventilator,,,1,0,1.0,1.0,1.0,0,400,5.5,,,,,,,,Vrijgave | Storing | Sturing,IO.xlsx:RK1:r177,,,,
,LBK bouwdeel B+D,,Filterbewaking,Siemens,QBM2030-5,1,1.0,0,0,0,0,,,,,,,,,,,IO.xlsx:RK1:r180,,,,
,LBK bouwdeel B+D,,Buitenluchtafblaasklep,,GCA126.1E,1,0,0,1.0,2.0,0,,,,,,,,,,,IO.xlsx:RK1:r181,,,,
,LBK bouwdeel B+D,,Tracing,,,1,0,0,1.0,1.0,0,230,1.5,,,,,,,,Vrijgave | Storing,IO.xlsx:RK1:r182,,,,
,LBK bouwdeel P+G,,Buitenluchtaanzuigklep,,GCA126.1E,1,0,0,1.0,2.0,0,,,,,,,,,,,IO.xlsx:RK1:r186,,,,
,LBK bouwdeel P+G,,Filterbewaking,Siemens,QBM2030-5,1,1.0,0,0,0,0,,,,,,,,,,,IO.xlsx:RK1:r187,,,,
,LBK bouwdeel P+G,,Temperatuur na WTW,Siemens,QAM2120.040,1,1.0,0,0,0,0,,,,,,,,,,,IO.xlsx:RK1:r188,,,,
,LBK bouwdeel P+G,,Luchtklepservomotor bypass,Siemens,GBB161.1E,1,0,1.0,0,0,0,,,,,,,,,,,IO.xlsx:RK1:r189,,,,
,LBK bouwdeel P+G,,Circulatiepomp,Grundfos,Magna3 XX-XX,1,0,0,1.0,1.0,0,230,0.5,,,,,,,,Vrijgave | Storing,IO.xlsx:RK1:r190,,,,
,LBK bouwdeel P+G,,Regelafsluiter voorverwarmer,Siemens,SAX61.03,1,0,1.0,0,0,0,,,,,,,,,,,IO.xlsx:RK1:r192,,,,
,LBK bouwdeel P+G,,Vorstthermostaat,Siemens,QAF81.6,1,0,0,1.0,0,0,,,,,,,,,,,IO.xlsx:RK1:r193,,,,
,LBK bouwdeel P+G,,Aanvoer temperatuur voorverwarmer,Siemens,QAE3174D.010,1,1.0,0,0,0,0,,,,,,,,,,,IO.xlsx:RK1:r194,,,,
,LBK bouwdeel P+G,,Retour temperatuur voorverwarmer,Siemens,QAE3174D.010,1,1.0,0,0,0,0,,,,,,,,,,,IO.xlsx:RK1:r195,,,,
,LBK bouwdeel P+G,,Toevoerventilator,,,1,0,1.0,1.0,1.0,0,400,5.5,,,,,,,,Vrijgave | Storing | Sturing,IO.xlsx:RK1:r196,,,,
,LBK bouwdeel P+G,,Drukopnemer toevoerkanaal,Siemens,QBM2030-5,1,1.0,0,0,0,0,,,,,,,,,,,IO.xlsx:RK1:r199,,,,
,LBK bouwdeel P+G,,Kanaaltemperatuur inblaas,Siemens,QAM2120.040,1,1.0,0,0,0,0,,,,,,,,,,,IO.xlsx:RK1:r200,,,,
,LBK bouwdeel P+G,,Kanaaltemperatuur retour,Siemens,QAM2120.040,1,1.0,0,0,0,0,,,,,,,,,,,IO.xlsx:RK1:r201,,,,
,LBK bouwdeel P+G,,Drukopnemer retourkanaal,Siemens,QBM2030-5,1,1.0,0,0,0,0,,,,,,,,,,,IO.xlsx:RK1:r202,,,,
,LBK bouwdeel P+G,,Retourventilator,,,1,0,1.0,1.0,1.0,0,400,5.5,,,,,,,,Vrijgave | Storing | Sturing,IO.xlsx:RK1:r203,,,,
,LBK bouwdeel P+G,,Filterbewaking,Siemens,QBM2030-5,1,1.0,0,0,0,0,,,,,,,,,,,IO.xlsx:RK1:r206,,,,
,LBK bouwdeel P+G,,Buitenluchtafblaasklep,,GCA126.1E,1,0,0,1.0,2.0,0,,,,,,,,,,,IO.xlsx:RK1:r207,,,,
,LBK bouwdeel P+G,,Tracing,,,1,0,0,1.0,1.0,0,230,1.5,,,,,,,,Vrijgave | Storing,IO.xlsx:RK1:r208,,,,
,Batterij LBK S (bekabelen naar eigen regeling LBK),,Circulatiepomp (voorzien van geïntegreerde regelaar),,,1,0,0,0,0,0,,,,,,,,,,,IO.xlsx:RK1:r212,,,,
,Batterij LBK S (bekabelen naar eigen regeling LBK),,Regelafsluiter,Siemens,VVF22.50-40 - DN50,1,0,1.0,0,0,0,,,,,,,,,,,IO.xlsx:RK1:r213,,,,
,Batterij LBK S (bekabelen naar eigen regeling LBK),,Aanvoer temperatuur,Siemens,QAE3174D.010,1,1.0,0,0,0,0,,,,,,,,,,,IO.xlsx:RK1:r214,,,,
,Batterij LBK S (bekabelen naar eigen regeling LBK),,Retour temperatuur,Siemens,QAE3174D.010,1,1.0,0,0,0,0,,,,,,,,,,,IO.xlsx:RK1:r215,,,,
,Opnemers buiten LBK S (bekabelen naar eigen regeling LBK),,Drukopnemer toevoerkanaal,Siemens,QBM2030-5,1,1.0,0,0,0,0,,,,,,,,,,,IO.xlsx:RK1:r218,,,,
,Opnemers buiten LBK S (bekabelen naar eigen regeling LBK),,Kanaaltemperatuur inblaas,Siemens,QAM2120.040,1,1.0,0,0,0,0,,,,,,,,,,,IO.xlsx:RK1:r219,,,,
,Opnemers buiten LBK S (bekabelen naar eigen regeling LBK),,Kanaaltemperatuur retour,Siemens,QAM2120.040,1,1.0,0,0,0,0,,,,,,,,,,,IO.xlsx:RK1:r220,,,,
,Opnemers buiten LBK S (bekabelen naar eigen regeling LBK),,Drukopnemer retourkanaal,Siemens,QBM2030-5,1,1.0,0,0,0,0,,,,,,,,,,,IO.xlsx:RK1:r221,,,,
,VRF-installatie gymzaal,,VRF warmtepomp unit,,,1,0,0,0,0,15,,,,,Modbus-RTU,,,,,VW=5 OW=10,IO.xlsx:RK1:r224,,,,
,VRF-installatie gymzaal,,VRF binnenunit 1,,,1,0,0,0,0,15,,,,,Modbus-RTU,,,,,VW=5 OW=10,IO.xlsx:RK1:r225,,,,
,VRF-installatie gymzaal,,VRF binnenunit 2,,,1,0,0,0,0,15,,,,,Modbus-RTU,,,,,VW=5 OW=10,IO.xlsx:RK1:r226,,,,
,Drinkwater,,Hoofdwatermeter,,,1,0,0,0,0,3,,,,,M-bus,,,,,VW=0 OW=3,IO.xlsx:RK1:r229,,,,
,Drinkwater,,Watermeter bouwdeel B,,,1,0,0,0,0,3,,,,,M-bus,,,,,VW=0 OW=3,IO.xlsx:RK1:r230,,,,
,Drinkwater,,Watermeter bouwdeel D,,,1,0,0,0,0,3,,,,,M-bus,,,,,VW=0 OW=3,IO.xlsx:RK1:r231,,,,
,Drinkwater,,Watermeter bouwdeel P,,,1,0,0,0,0,3,,,,,M-bus,,,,,VW=0 OW=3,IO.xlsx:RK1:r232,,,,
,Drinkwater,,Watermeter bouwdeel G,,,1,0,0,0,0,3,,,,,M-bus,,,,,VW=0 OW=3,IO.xlsx:RK1:r233,,,,
,Drinkwater,,Watermeter bouwdeel S,,,1,0,0,0,0,3,,,,,M-bus,,,,,VW=0 OW=3,IO.xlsx:RK1:r234,,,,
,Douche installatie,,Datakoppeling RADA,,,1,0,0,0,0,48,,,,,Modbus-RTU,,,,,VW=16 OW=32,IO.xlsx:RK1:r237,,,,
,Douche installatie,,"RADA bewegingssensoren (5 stuks, 1 per doucheruimte, bekabelen naar RADA Outlook sensorbox)",,,1,0,0,0,0,0,,,,,,,,,,,IO.xlsx:RK1:r238,,,,
,E-voorzieningen,,kWh-meters (12 stuks),,,1,0,0,0,0,48,,,,,M-bus,,,,,VW=0 OW=48,IO.xlsx:RK1:r241,,,,
,E-voorzieningen,Firma,Naam,,,1,0,0,0,0,0,,,,,,,,,,"U[V]='Opmerkingen' (niet-numeriek, niet overgenomen)",IO.xlsx:RK1:r252,,,,
